url,doc_id,title,audience,category,language,document_version,license_or_permission,fetch_note
https://help.shopee.vn/portal/4/article/77251,shopee-return-refund-policy,Chính sách trả hàng và hoàn tiền Shopee,buyer,returns-policy,vi,2026-03-11,public-source,script-ok
https://help.shopee.vn/portal/4/article/79452,shopee-return-refund-general,Quy định chung về trả hàng/hoàn tiền của Shopee,buyer,returns-policy,vi,not-stated,public-source,manual-clean-spa
https://help.shopee.vn/portal/4/article/79314,shopee-dam-bao,Shopee Đảm Bảo là gì,buyer,returns-policy,vi,not-stated,public-source,script-ok
https://help.shopee.vn/portal/4/article/77245,shopee-quy-che-bao-hanh,Quy chế hoạt động sàn Shopee,both,platform-rules,vi,not-stated,public-source,script-ok
https://help.shopee.vn/portal/4/article/77245,shopee-warranty-policy,Chính sách bảo hành trên sàn Shopee,both,warranty,vi,not-stated,public-source,manual-extract-from-77245
https://banhang.shopee.vn/edu/article/21021,shopee-seller-return-overview,Tổng quan trang quản lý TH/HT/Hủy cho Người bán,seller,seller-ops,vi,not-stated,public-source,manual-clean-spa
https://banhang.shopee.vn/edu/article/10626,shopee-seller-return-faq,FAQ Trả hàng/Hoàn tiền dành cho Người bán,seller,seller-ops,vi,2025-11-11,public-source,manual-clean-spa
https://help.shopee.vn/portal/4/article/77243,shopee-terms-of-service,Điều khoản dịch vụ Shopee,both,platform-rules,vi,not-stated,public-source,script-ok
https://help.shopee.vn/portal/4/article/77246,shopee-dang-ban-san-pham,Quy định về đăng bán sản phẩm trên Shopee,seller,seller-ops,vi,not-stated,public-source,script-ok
